{
  "clean": {
    "threshold": 0.9273633360862732,
    "precision": 0.43356643356643354,
    "recall": 0.7659297789336801,
    "f1": 0.5537015276145711,
    "pred_pos_rate": 0.1649265509287362,
    "base_pos_rate": 0.09335923273036299,
    "pr_auc": 0.6979652812390664,
    "roc_auc": 0.8999455109028691,
    "collapsed": false
  },
  "threshold": 0.9273633360862732,
  "perturbations": {
    "rename": {
      "f1": 0.5488003726997438,
      "recall": 0.7659297789336801,
      "precision": 0.42758620689655175,
      "abs_drop_f1": 0.004901154914827344,
      "rel_drop_f1_pct": 0.8851618914512032,
      "abs_drop_recall": 0.0
    },
    "deadcode": {
      "f1": 0.5427272727272727,
      "recall": 0.776332899869961,
      "precision": 0.4171907756813417,
      "abs_drop_f1": 0.010974254887298418,
      "rel_drop_f1_pct": 1.9819802438648033,
      "abs_drop_recall": -0.01040312093628093
    },
    "whitespace": {
      "f1": 0.28784617592194,
      "recall": 0.6521456436931079,
      "precision": 0.18468053765420733,
      "abs_drop_f1": 0.26585535169263114,
      "rel_drop_f1_pct": 48.01419870340176,
      "abs_drop_recall": 0.11378413524057218,
      "tokenization_changed_frac": 1.0,
      "tokenization_changed_count": 16474
    }
  },
  "per_cwe_adversarial": {
    "CWE-119": {
      "clean_f1": 0.6056338028169014,
      "rename_f1": 0.6003110419906688,
      "rename_drop": 0.00532276082623262,
      "deadcode_f1": 0.5931558935361216,
      "deadcode_drop": 0.012477909280779742
    },
    "CWE-264": {
      "clean_f1": 0.2918918918918919,
      "rename_f1": 0.2849604221635884,
      "rename_drop": 0.0069314697283034965,
      "deadcode_f1": 0.2951653944020356,
      "deadcode_drop": -0.0032735025101436888
    },
    "CWE-125": {
      "clean_f1": 0.6526315789473685,
      "rename_f1": 0.6947368421052632,
      "rename_drop": -0.04210526315789476,
      "deadcode_f1": 0.673469387755102,
      "deadcode_drop": -0.02083780880773356
    },
    "CWE-20": {
      "clean_f1": 0.6486486486486487,
      "rename_f1": 0.6453333333333333,
      "rename_drop": 0.0033153153153153703,
      "deadcode_f1": 0.643979057591623,
      "deadcode_drop": 0.0046695910570256904
    },
    "CWE-200": {
      "clean_f1": 0.43613707165109034,
      "rename_f1": 0.42073170731707316,
      "rename_drop": 0.01540536433401718,
      "deadcode_f1": 0.42388059701492536,
      "deadcode_drop": 0.012256474636164971
    },
    "CWE-284": {
      "clean_f1": 0.3988439306358382,
      "rename_f1": 0.39655172413793105,
      "rename_drop": 0.0022922064979071233,
      "deadcode_f1": 0.3788300835654596,
      "deadcode_drop": 0.020013847070378565
    },
    "CWE-476": {
      "clean_f1": 0.7032967032967034,
      "rename_f1": 0.7111111111111111,
      "rename_drop": -0.007814407814407787,
      "deadcode_f1": 0.6875,
      "deadcode_drop": 0.01579670329670335
    },
    "CWE-190": {
      "clean_f1": 0.8285714285714286,
      "rename_f1": 0.8309859154929577,
      "rename_drop": -0.0024144869215291243,
      "deadcode_f1": 0.8111888111888111,
      "deadcode_drop": 0.017382617382617482
    },
    "CWE-617": {
      "clean_f1": 0.5714285714285714,
      "rename_f1": 0.5714285714285714,
      "rename_drop": 0.0,
      "deadcode_f1": 0.5714285714285714,
      "deadcode_drop": 0.0
    }
  },
  "counterfactual": {
    "n_tested": 100,
    "n_with_sinks": 15,
    "n_flipped": 0,
    "flip_rate": 0.0,
    "examples": [
      {
        "cwe": "CWE-200",
        "sinks_found": [
          "memcpy"
        ],
        "flipped": false,
        "max_delta": 0.0,
        "details": [
          {
            "sink": "memcpy",
            "p_before": 0.05159814655780792,
            "p_after": 0.05159814655780792,
            "delta": 0.0,
            "flipped": false
          }
        ]
      },
      {
        "cwe": "CWE-134",
        "sinks_found": [
          "sprintf"
        ],
        "flipped": false,
        "max_delta": -4.7206878662109375e-05,
        "details": [
          {
            "sink": "sprintf",
            "p_before": 0.9996436834335327,
            "p_after": 0.9996908903121948,
            "delta": -4.7206878662109375e-05,
            "flipped": false
          }
        ]
      },
      {
        "cwe": "CWE-399",
        "sinks_found": [
          "memcpy"
        ],
        "flipped": false,
        "max_delta": 0.0008538439869880676,
        "details": [
          {
            "sink": "memcpy",
            "p_before": 0.0034272221382707357,
            "p_after": 0.002573378151282668,
            "delta": 0.0008538439869880676,
            "flipped": false
          }
        ]
      },
      {
        "cwe": "CWE-200",
        "sinks_found": [
          "memcpy"
        ],
        "flipped": false,
        "max_delta": 0.0,
        "details": [
          {
            "sink": "memcpy",
            "p_before": 0.990050733089447,
            "p_after": 0.990050733089447,
            "delta": 0.0,
            "flipped": false
          }
        ]
      },
      {
        "cwe": "CWE-125",
        "sinks_found": [
          "memcpy"
        ],
        "flipped": false,
        "max_delta": 0.0,
        "details": [
          {
            "sink": "memcpy",
            "p_before": 0.017011228948831558,
            "p_after": 0.017011228948831558,
            "delta": 0.0,
            "flipped": false
          }
        ]
      },
      {
        "cwe": "CWE-119",
        "sinks_found": [
          "strcat"
        ],
        "flipped": false,
        "max_delta": 2.9802322387695312e-06,
        "details": [
          {
            "sink": "strcat",
            "p_before": 0.9996538162231445,
            "p_after": 0.9996508359909058,
            "delta": 2.9802322387695312e-06,
            "flipped": false
          }
        ]
      },
      {
        "cwe": "CWE-134",
        "sinks_found": [
          "sprintf"
        ],
        "flipped": false,
        "max_delta": 0.0036067296750843525,
        "details": [
          {
            "sink": "sprintf",
            "p_before": 0.006808237638324499,
            "p_after": 0.0032015079632401466,
            "delta": 0.0036067296750843525,
            "flipped": false
          }
        ]
      },
      {
        "cwe": "CWE-125",
        "sinks_found": [
          "memcpy"
        ],
        "flipped": false,
        "max_delta": 0.0,
        "details": [
          {
            "sink": "memcpy",
            "p_before": 0.9997380375862122,
            "p_after": 0.9997380375862122,
            "delta": 0.0,
            "flipped": false
          }
        ]
      },
      {
        "cwe": "CWE-77",
        "sinks_found": [
          "strcat"
        ],
        "flipped": false,
        "max_delta": 6.854534149169922e-06,
        "details": [
          {
            "sink": "strcat",
            "p_before": 0.9997013211250305,
            "p_after": 0.9996944665908813,
            "delta": 6.854534149169922e-06,
            "flipped": false
          }
        ]
      },
      {
        "cwe": "CWE-190",
        "sinks_found": [
          "memcpy"
        ],
        "flipped": false,
        "max_delta": 4.410743713378906e-06,
        "details": [
          {
            "sink": "memcpy",
            "p_before": 0.9997339844703674,
            "p_after": 0.999729573726654,
            "delta": 4.410743713378906e-06,
            "flipped": false
          }
        ]
      },
      {
        "cwe": "",
        "sinks_found": [
          "sprintf"
        ],
        "flipped": false,
        "max_delta": 0.0,
        "details": [
          {
            "sink": "sprintf",
            "p_before": 0.386228084564209,
            "p_after": 0.386228084564209,
            "delta": 0.0,
            "flipped": false
          }
        ]
      },
      {
        "cwe": "",
        "sinks_found": [
          "sprintf"
        ],
        "flipped": false,
        "max_delta": 0.0,