{
  "n": 5,
  "counterfactual_flip_rate": 0.0,
  "examples": [
    {
      "counterfactual": [
        {
          "sink": "strcpy",
          "p_before": 0.531745970249176,
          "p_after": 0.534138560295105,
          "delta": -0.002392590045928955,
          "flipped": false
        }
      ],
      "top_occlusion_tokens": [
        [
          "\u0120len",
          0.0057430267333984375
        ],
        [
          "\u010a",
          0.0025553107261657715
        ],
        [
          "[",
          0.0025113821029663086
        ],
        [
          "st",
          0.0022278428077697754
        ],
        [
          "(",
          0.0019841790199279785
        ]
      ]
    },
    {
      "counterfactual": [
        {
          "sink": "strcpy",
          "p_before": 0.5333424210548401,
          "p_after": 0.5358778238296509,
          "delta": -0.002535402774810791,
          "flipped": false
        }
      ],
      "top_occlusion_tokens": [
        [
          "\u0120len",
          0.005097866058349609
        ],
        [
          "\u010a",
          0.0022490620613098145
        ],
        [
          "[",
          0.0021076202392578125
        ],
        [
          "st",
          0.0018780827522277832
        ],
        [
          "\u01200",
          -0.0018227696418762207
        ]
      ]
    },
    {
      "counterfactual": [
        {
          "sink": "memcpy",
          "p_before": 0.5351945161819458,
          "p_after": 0.5372834205627441,
          "delta": -0.00208890438079834,
          "flipped": false
        }
      ],
      "top_occlusion_tokens": [
        [
          "\u0120s",
          0.003568708896636963
        ],
        [
          "\u0120len",
          0.0026234984397888184
        ],
        [
          "src",
          0.002453446388244629
        ],
        [
          "\u0120func",
          0.0022010207176208496
        ],
        [
          "char",
          0.0021352171897888184
        ]
      ]
    },
    {
      "counterfactual": [
        {
          "sink": "sprintf",
          "p_before": 0.5359107851982117,
          "p_after": 0.5375373959541321,
          "delta": -0.0016266107559204102,
          "flipped": false
        }
      ],
      "top_occlusion_tokens": [
        [
          "\u0120len",
          0.005212664604187012
        ],
        [
          "src",
          0.003637075424194336
        ],
        [
          "char",
          0.0028916001319885254
        ],
        [
          "\u010a",
          0.0027101635932922363
        ],
        [
          "[",
          0.0026277899742126465
        ]
      ]
    },
    {
      "counterfactual": [
        {
          "sink": "gets",
          "p_before": 0.5380005836486816,
          "p_after": 0.53849196434021,
          "delta": -0.0004913806915283203,
          "flipped": false
        }
      ],
      "top_occlusion_tokens": [
        [
          "\u0120len",
          0.004248261451721191
        ],
        [
          "}",
          0.003077089786529541
        ],
        [
          "src",
          0.0026336312294006348
        ],
        [
          "\u010a",
          0.0026051998138427734
        ],
        [
          "];",
          -0.002389669418334961
        ]
      ]
    }
  ]
}