{
  "random_forest": {
    "cross_project_f1_mean": 0.16114587264925065,
    "cross_project_f1_std": 0.07238164827521454,
    "per_fold_f1": [
      0.026189715745768127,
      0.1465686274509804,
      0.20982839313572543,
      0.1990330378726833,
      0.2241095890410959
    ]
  },
  "gradient_boosting": {
    "cross_project_f1_mean": 0.08890888603470004,
    "cross_project_f1_std": 0.04532851098313421,
    "per_fold_f1": [
      0.013677339135840846,
      0.0725883476599809,
      0.09081081081081081,
      0.12098581030619865,
      0.14648212226066898
    ]
  },
  "logistic_regression": {
    "cross_project_f1_mean": 0.15213726740212036,
    "cross_project_f1_std": 0.06253143306834573,
    "per_fold_f1": [
      0.042625745950554135,
      0.13410879233664044,
      0.20238984316654218,
      0.1614457831325301,
      0.22011617242433507
    ]
  }
}